id,first_name,last_name,email,phone_number,city,state,country,zipcode
1,John,Doe,johndoe@example.com,555-123-4567,New York,NY,USA,10001
2,Jane,Smith,janesmith@example.com,555-234-5678,Los Angeles,CA,USA,90001
3,Michael,Johnson,michaeljohnson@example.com,555-345-6789,Chicago,IL,USA,60601
4,Emily,Brown,emilybrown@example.com,555-456-7890,Houston,TX,USA,77001
5,William,Jones,williamjones@example.com,555-567-8901,Phoenix,AZ,USA,85001
6,Olivia,Davis,oliviadavis@example.com,555-678-9012,Philadelphia,PA,USA,19101
7,Liam,Miller,liammiller@example.com,555-789-0123,San Antonio,TX,USA,78201
8,Emma,Wilson,emmawilson@example.com,555-890-1234,San Diego,CA,USA,92101
9,Noah,Martinez,noahmartinez@example.com,555-901-2345,Dallas,TX,USA,75201
10,Sophia,Anderson,sophiaanderson@example.com,555-012-3456,San Jose,CA,USA,95101
11,Mason,Taylor,masontaylor@example.com,555-123-4567,Austin,TX,USA,73301
12,Isabella,Thomas,isabellathomas@example.com,555-234-5678,Jacksonville,FL,USA,32201
13,James,Hernandez,jameshernandez@example.com,555-345-6789,Indianapolis,IN,USA,46201
14,Charlotte,Moore,charlottemoore@example.com,555-456-7890,San Francisco,CA,USA,94101
15,Benjamin,Martin,benjaminmartin@example.com,555-567-8901,Columbus,OH,USA,43201
16,Amelia,Jackson,ameliajackson@example.com,555-678-9012,Fort Worth,TX,USA,76101
17,Lucas,Thompson,lucasthompson@example.com,555-789-0123,Charlotte,NC,USA,28201
18,Evelyn,White,evelynwhite@example.com,555-890-1234,Detroit,MI,USA,48201
19,Alexander,Lopez,alexanderlopez@example.com,555-901-2345,Seattle,WA,USA,98101
20,Harper,Lee,harperlee@example.com,555-012-3456,Denver,CO,USA,80201
21,Logan,Gonzalez,logangonzalez@example.com,555-123-4567,Washington,DC,USA,20001
22,Mia,Harris,miaharris@example.com,555-234-5678,Boston,MA,USA,02101
23,Ethan,Clark,ethanclark@example.com,555-345-6789,Nashville,TN,USA,37201
24,Abigail,Rodriguez,abigailrodriguez@example.com,555-456-7890,Baltimore,MD,USA,21201
25,Daniel,Lewis,daniellewis@example.com,555-567-8901,Oklahoma City,OK,USA,73101
26,Elizabeth,Anderson,elizabethanderson@example.com,555-678-9012,Louisville,KY,USA,40201
27,Michael,Walker,michaelwalker@example.com,555-789-0123,Portland,OR,USA,97201
28,Sofia,Hall,sofiahall@example.com,555-890-1234,Las Vegas,NV,USA,89101
29,Matthew,Allen,matthewallen@example.com,555-901-2345,Milwaukee,WI,USA,53201
30,Avery,Young,averyyoung@example.com,555-012-3456,Albuquerque,NM,USA,87101
31,Victoria,Wright,victoriawright@example.com,555-123-4567,Tucson,AZ,USA,85701
32,David,Hill,davidhill@example.com,555-234-5678,Fresno,CA,USA,93701
33,Grace,Scott,gracescott@example.com,555-345-6789,Sacramento,CA,USA,95814
34,Joseph,Green,josephgreen@example.com,555-456-7890,Long Beach,CA,USA,90801
35,Chloe,Adams,chloeadams@example.com,555-567-8901,Kansas City,MO,USA,64101
36,Carter,Baker,carterbaker@example.com,555-678-9012,Mesa,AZ,USA,85201
37,Riley,Gonzalez,rileygonzalez@example.com,555-789-0123,Virginia Beach,VA,USA,23450
38,Julia,Nelson,julianelson@example.com,555-890-1234,Atlanta,GA,USA,30301
39,Jacob,Carter,jacobcarter@example.com,555-901-2345,Omaha,NE,USA,68101
40,Stella,Mitchell,stellamitchell@example.com,555-012-3456,Raleigh,NC,USA,27601
41,Jack,Perez,jackperez@example.com,555-123-4567,Miami,FL,USA,33101
42,Sophie,Roberts,sophieroberts@example.com,555-234-5678,Minneapolis,MN,USA,55401
43,Nicholas,Turner,nicholasturner@example.com,555-345-6789,Tulsa,OK,USA,74101
44,Lily,Phillips,lilyphillips@example.com,555-456-7890,Cleveland,OH,USA,44101
45,Gabriel,Campbell,gabrielcampbell@example.com,555-567-8901,Oakland,CA,USA,94601
46,Levi,Parker,leviparker@example.com,555-678-9012,Wichita,KS,USA,67201
47,Addison,Evans,addisonevans@example.com,555-789-0123,New Orleans,LA,USA,70112
48,Hannah,Edwards,hannahedwards@example.com,555-890-1234,Honolulu,HI,USA,96801
49,Lincoln,Collins,lincolncollins@example.com,555-901-2345,Arlington,TX,USA,76001
50,Scarlett,Stewart,scarlettstewart@example.com,555-012-3456,Bakersfield,CA,USA,93301
